<?xml version='1.0' encoding='UTF-8'?>
<!DOCTYPE hibernate-configuration PUBLIC
          "-//Hibernate/Hibernate Configuration DTD 3.0//EN"
          "http://hibernate.sourceforge.net/hibernate-configuration-3.0.dtd">

<!-- Generated by MyEclipse Hibernate Tools.                   -->
<hibernate-configuration>

	<session-factory>
		<property name="dialect">
			org.hibernate.dialect.SQLServerDialect
		</property>
		<property name="connection.url">
			jdbc:sqlserver://127.0.0.1:1433;databaseName=OnlineTest
		</property>
		<property name="connection.username">sa</property>
		<property name="connection.password">123</property>
		<property name="connection.driver_class">
			com.microsoft.sqlserver.jdbc.SQLServerDriver
		</property>
		<property name="myeclipse.connection.profile">
			sqlserver
		</property>
		<property name="hibernate.hbm2ddl.auto">update</property>
		<mapping resource="com/qhit/model/Direction_Stage.hbm.xml" />
		<mapping resource="com/qhit/model/Student.hbm.xml" />
		<mapping resource="com/qhit/model/Admin.hbm.xml" />
		<mapping resource="com/qhit/model/Classes.hbm.xml" />
		<mapping resource="com/qhit/model/Direction.hbm.xml" />
		<mapping resource="com/qhit/model/Stage.hbm.xml" />
		<mapping resource="com/qhit/model/Topic.hbm.xml" />
		<mapping resource="com/qhit/model/Answer.hbm.xml" />
		<mapping resource="com/qhit/model/Teacher.hbm.xml" />
		<mapping resource="com/qhit/model/Subject.hbm.xml" />
		<mapping resource="com/qhit/model/Testpaper.hbm.xml" />
		<mapping resource="com/qhit/model/StudentAnswer.hbm.xml" />
		<mapping resource="com/qhit/model/Score.hbm.xml" />
		<mapping resource="com/qhit/model/Testpaper_Topic.hbm.xml" />
		<mapping resource="com/qhit/model/Testpaper_Classes.hbm.xml" />
	</session-factory>

</hibernate-configuration>