<?xml version="1.0" encoding="UTF-8"?>
<!DOCTYPE hibernate-mapping PUBLIC "-//Hibernate/Hibernate Mapping DTD 3.0//EN"
"http://hibernate.sourceforge.net/hibernate-mapping-3.0.dtd">
<!-- 
    Mapping file autogenerated by MyEclipse Persistence Tools
-->
<hibernate-mapping>
    <class name="com.qhit.model.Direction_Stage" table="direction_stage">
        <id name="dsid" >
            <column name="dsid" />
            <generator class="native" />
        </id>
        <many-to-one name="direction" column="did" class="com.qhit.model.Direction" lazy="false">
        </many-to-one>
        <many-to-one name="stage" column="sid" class="com.qhit.model.Stage" lazy="false">
        </many-to-one>
        <set name="setsubject" table="subject_direction_stage"  lazy="false">
        	<key column="dsid"></key>
        	<many-to-many column="subid" class="com.qhit.model.Subject"></many-to-many>
        </set>
    </class>
</hibernate-mapping>
