<?xml version="1.0" encoding="UTF-8"?>
<!DOCTYPE hibernate-mapping PUBLIC "-//Hibernate/Hibernate Mapping DTD 3.0//EN"
"http://hibernate.sourceforge.net/hibernate-mapping-3.0.dtd">
<!-- 
    Mapping file autogenerated by MyEclipse Persistence Tools
-->
<hibernate-mapping>
    <class name="com.qhit.model.Subject" table="subject">
        <id name="subid" >
            <column name="subid" />
            <generator class="native" />
        </id>
    	<property name="subname"></property>
        <set name="setdirection_stage" table="subject_direction_stage">
        	<key column="subid"></key>
        	<many-to-many column="dsid" class="com.qhit.model.Direction_Stage"></many-to-many>
        </set>
        <set name="settopic" lazy="false">
        	<key column="subid"></key>
        	<one-to-many  class="com.qhit.model.Topic"/>
        </set>
    </class>
</hibernate-mapping>
