<?xml version="1.0" encoding="UTF-8"?>
<!DOCTYPE hibernate-mapping PUBLIC "-//Hibernate/Hibernate Mapping DTD 3.0//EN"
"http://hibernate.sourceforge.net/hibernate-mapping-3.0.dtd">
<!-- 
    Mapping file autogenerated by MyEclipse Persistence Tools
-->
<hibernate-mapping>
    <class name="com.qhit.model.Testpaper_Topic" table="Testpaper_Topic">
        <id name="ttid" >
            <column name="ttid" />
            <generator class="native" />
        </id>
    	 <many-to-one name="testpaper"  column="pid" class="com.qhit.model.Testpaper"  cascade="none">
        </many-to-one>
        
         <many-to-one name="topic"  column="tid" class="com.qhit.model.Topic"  cascade="none">
        </many-to-one>
    </class>
</hibernate-mapping>
