<?xml version="1.0" encoding="UTF-8"?>
<!DOCTYPE hibernate-mapping PUBLIC "-//Hibernate/Hibernate Mapping DTD 3.0//EN"
"http://hibernate.sourceforge.net/hibernate-mapping-3.0.dtd">
<!-- 
    Mapping file autogenerated by MyEclipse Persistence Tools
-->
<hibernate-mapping>
    <class name="com.qhit.model.Testpaper_Classes" table="testpaper_classes">
        <id name="tcid" >
            <column name="tcid" />
            <generator class="native" />
        </id>
        <many-to-one name="testpaper" class="com.qhit.model.Testpaper" column="pid" cascade="save-update"> 
    	</many-to-one>
    	 <many-to-one name="classes" class="com.qhit.model.Classes" column="cid" cascade="save-update"> 
    	</many-to-one>
    </class>
</hibernate-mapping>
