<?xml version="1.0" encoding="utf-8"?>
<!DOCTYPE hibernate-mapping PUBLIC "-//Hibernate/Hibernate Mapping DTD 3.0//EN"
"http://hibernate.sourceforge.net/hibernate-mapping-3.0.dtd">
<!-- 
    Mapping file autogenerated by MyEclipse Persistence Tools
-->
<hibernate-mapping>
    <class name="qhit.bean.Classes" table="classes" schema="dbo" catalog="LoveExam">
        <id name="id" type="java.lang.Integer">
            <column name="id" />
            <generator class="assigned" />
        </id>
        <property name="classNo" type="java.lang.String">
            <column name="classNo" length="20" />
        </property>
        <property name="className" type="java.lang.String">
            <column name="className" length="20" />
        </property>
        <property name="direction" type="java.lang.String">
            <column name="direction" length="20" />
        </property>
        <set name="papers" table="paper_class" fetch="select" lazy="false">
        	<key>
        		<column name="cid"></column>
        	</key>
        	<many-to-many class="qhit.bean.Paper" column="pid"></many-to-many>
        </set>
        <set name="students" inverse="true">
            <key>
                <column name="classId" />
            </key>
            <one-to-many class="qhit.bean.Student" />
        </set>
    </class>
</hibernate-mapping>
