<?xml version="1.0" encoding="utf-8"?>
<!DOCTYPE hibernate-mapping PUBLIC "-//Hibernate/Hibernate Mapping DTD 3.0//EN"
"http://hibernate.sourceforge.net/hibernate-mapping-3.0.dtd">
<!-- 
    Mapping file autogenerated by MyEclipse Persistence Tools
-->
<hibernate-mapping>
    <class name="qhit.bean.Score" table="score" schema="dbo" catalog="LoveExam">
        <id name="id" type="java.lang.Integer">
            <column name="id" />
            <generator class="native" />
        </id>
        <many-to-one name="student" class="qhit.bean.Student" fetch="select" lazy="false">
            <column name="stuId" />
        </many-to-one>
        <many-to-one name="paper" class="qhit.bean.Paper" fetch="select" lazy="false">
            <column name="paperId" />
        </many-to-one>
        <property name="beginTime" type="java.sql.Timestamp">
            <column name="beginTime" length="23" />
        </property>
        <property name="endTime" type="java.sql.Timestamp">
            <column name="endTime" length="23" />
        </property>
        <property name="surplustime"></property>
    	<property name="submit"></property>
        <property name="score" type="java.lang.String">
            <column name="score" length="50" />
        </property>
        <set name="scoredetailses" inverse="true" fetch="select" lazy="false">
            <key>
                <column name="scoreId" />
            </key>
            <one-to-many class="qhit.bean.Scoredetails" />
        </set>
    </class>
</hibernate-mapping>
