<?xml version="1.0" encoding="utf-8"?>
<!DOCTYPE hibernate-mapping PUBLIC "-//Hibernate/Hibernate Mapping DTD 3.0//EN"
"http://hibernate.sourceforge.net/hibernate-mapping-3.0.dtd">
<!-- 
    Mapping file autogenerated by MyEclipse Persistence Tools
-->
<hibernate-mapping>
    <class name="qhit.bean.Subject" table="subject" schema="dbo" catalog="LoveExam">
        <id name="id" type="java.lang.Integer">
            <column name="id" />
            <generator class="assigned" />
        </id>
        <property name="direction" type="java.lang.String">
            <column name="direction" length="20" />
        </property>
        <property name="stage" type="java.lang.String">
            <column name="stage" length="20" />
        </property>
        <property name="subjectname" type="java.lang.String">
            <column name="subjectname" length="20" />
        </property>
        <set name="questions" inverse="true" fetch="select" lazy="false">
            <key>
                <column name="subjectId" not-null="true" />
            </key>
            <one-to-many class="qhit.bean.Question" />
        </set>
        <set name="papers" inverse="true" fetch="select" lazy="false">
            <key>
                <column name="subjectid" not-null="true" />
            </key>
            <one-to-many class="qhit.bean.Paper" />
        </set>
    </class>
</hibernate-mapping>
