<?xml version="1.0" encoding="UTF-8"?>
<!DOCTYPE struts PUBLIC
	"-//Apache Software Foundation//DTD Struts Configuration 2.0//EN"
	"http://struts.apache.org/dtds/struts-2.0.dtd">
	
	<struts>
		<constant name="struts.ui.theme" value="simple"></constant>
		<constant name="struts.i18n.encoding" value="UTF-8"></constant>
		<constant name="struts.multipart.maxSize" value="10485760"></constant>
		<package name="uanme" extends="struts-default" namespace="/">		
			<action name="*_LoginAction" class="com.qhit.action.LoginAction" method="{1}">
				<result name="login" type="redirect">login.jsp</result>
				<result name="index">index.jsp</result>
				<result name="erro">erro.jsp</result>
				<result name="top">top.jsp</result>
			</action>
			<action name="*_EQAction" class="com.qhit.action.ExamQuestionAction" method="{1}">
				<interceptor-ref name="defaultStack">
					<param name="fileUpload.allowedExtensions">.txt,.doc,.png,.rtf,.xls,.xlsx</param>
					<param name="fileUpload.maximumSize">5242880</param>
				</interceptor-ref>
				<result name="eq1">examQuestion/eq1.jsp</result>
				<result name="eqInfo">examQuestion/eqInfo.jsp</result>
				<result name="addExamQuestion">examQuestion/addExamQuestion.jsp</result>
				<result name="editExamQuestion">examQuestion/editExamQuestion.jsp</result>
				<result name="success">examQuestion/success.jsp</result>
				<result name="info">examQuestion/info.jsp</result>
				<result name="down" type="stream" >
					<param name="contentType">application/octet-stream</param>
					<param name="inputName">downFile_is</param>
					<param name="contentDisposition">filename="${downFileName}"</param>
				</result>
			</action>
			
			<action name="*_PaperAction" class="com.qhit.action.PaperAction" method="{1}">
				<result name="paperIndex">Paper/paperIndex.jsp</result>
				<result name="choosePaper">Paper/choosePaper.jsp</result>
				<result name="info">Paper/info.jsp</result>
				<result name="lookPaperEQ">Paper/lookPaperEQ.jsp</result>
				<result name="ExamStart">Paper/ExamStart.jsp</result>
				<result name="PaperIndex" type="redirectAction">PaperIndex_PaperAction</result>
				<result name="randomPaper">Paper/randomPaper.jsp</result>
			</action>
			
			<action name="*_ScoreAction" class="com.qhit.action.ScoreAction" method="{1}">
				<result name="ScoreIndex">Score/ScoreIndex.jsp</result>
				<result name="lookScore">Score/lookScore.jsp</result>
			</action>
			
			<action name="*_ExamOnlineAction" class="com.qhit.action.ExamOnlineAction" method="{1}">
				<result name="ExamOnlineIndex">ExamOnline/ExamOnlineIndex.jsp</result>
				<result name="lookScore">Score/lookScore.jsp</result>
				<result name="ExamOnlineIng">ExamOnline/ExamOnlineIng.jsp</result>
				<result name="LookMyPaperScore" type="chain">LookMyPaperScore_ExamOnlineAction</result>
				<result name="lookMyPaperScore">ExamOnline/lookMyPaperScore.jsp</result>
			</action>
			
		</package>
	</struts>