<?xml version="1.0" encoding="utf-8"?>
<!DOCTYPE hibernate-mapping PUBLIC "-//Hibernate/Hibernate Mapping DTD 3.0//EN"
"http://hibernate.sourceforge.net/hibernate-mapping-3.0.dtd">
<!-- 
    Mapping file autogenerated by MyEclipse Persistence Tools
-->
<hibernate-mapping>
    <class name="com.qhit.bean.Student" table="student" schema="dbo" catalog="Ai_K">
        <id name="sid" type="java.lang.Integer">
            <column name="sid" />
            <generator class="assigned" />
        </id>
        <property name="saccount" type="java.lang.String">
            <column name="saccount" length="20" />
        </property>
        <property name="spwd" type="java.lang.String">
            <column name="spwd" length="20" />
        </property>
         <many-to-one name="classroom" class="com.qhit.bean.Classroom" fetch="select" cascade="all">
            <column name="cid" />
        </many-to-one>
          <set name="studentanswer" inverse="true" cascade="all">
            <key>
                <column name="sid" />
            </key>
            <one-to-many class="com.qhit.bean.Student" />
        </set>
        <set name="studentscore" inverse="true" cascade="all">
            <key>
                <column name="sid" />
            </key>
            <one-to-many class="com.qhit.bean.Studentscore" />
        </set>
    </class>
</hibernate-mapping>
