<?xml version="1.0" encoding="utf-8"?>
<!DOCTYPE hibernate-mapping PUBLIC "-//Hibernate/Hibernate Mapping DTD 3.0//EN"
"http://hibernate.sourceforge.net/hibernate-mapping-3.0.dtd">
<!-- 
    Mapping file autogenerated by MyEclipse Persistence Tools
-->
<hibernate-mapping>
    <class name="com.qhit.bean.Teacher" table="teacher" schema="dbo" catalog="Ai_K">
        <id name="tid" type="java.lang.Integer">
            <column name="tid" />
            <generator class="assigned" />
        </id>
        <property name="taccount" type="java.lang.String">
            <column name="taccount" length="20" />
        </property>
        <property name="tpwd" type="java.lang.String">
            <column name="tpwd" length="20" />
        </property>
    </class>
</hibernate-mapping>
