<?xml version="1.0" encoding="utf-8"?>
<!DOCTYPE hibernate-mapping PUBLIC "-//Hibernate/Hibernate Mapping DTD 3.0//EN"
"http://hibernate.sourceforge.net/hibernate-mapping-3.0.dtd">
<!-- 
    Mapping file autogenerated by MyEclipse Persistence Tools
-->
<hibernate-mapping>
    <class name="qhit.bean.Paper" table="paper" schema="dbo" catalog="LoveExam">
        <id name="id" type="java.lang.Integer">
            <column name="id" />
            <generator class="native" />
        </id>
        <many-to-one name="subject" class="qhit.bean.Subject" fetch="select" lazy="false">
            <column name="subjectid" not-null="true" />
        </many-to-one>
        <property name="kind" type="java.lang.String">
            <column name="kind" length="20" />
        </property>
        <property name="title" type="java.lang.String">
            <column name="title" length="100" />
        </property>
        <property name="testTime" type="java.sql.Timestamp">
            <column name="testTime" length="23" />
        </property>
        <property name="testHour" type="java.lang.Integer">
            <column name="testHour" />
        </property>
        <property name="totalScore" type="java.lang.Double">
            <column name="totalScore" precision="6" />
        </property>
        <property name="qnumber" type="java.lang.Integer">
            <column name="qnumber" />
        </property>
        <property name="state" type="java.lang.String">
            <column name="state" length="20" />
        </property>
        <set name="scores" inverse="true">
            <key>
                <column name="paperId" />
            </key>
            <one-to-many class="qhit.bean.Score" />
        </set>
        <set name="questions" table="paper_question" fetch="select" lazy="false">
        	<key>
        		<column name="pid"></column>
        	</key>
        	<many-to-many class="qhit.bean.Question" column="qid"></many-to-many>
        </set>
         <set name="Classer" table="paper_class" fetch="select" lazy="false">
        	<key>
        		<column name="pid"></column>
        	</key>
        	<many-to-many class="qhit.bean.Classes" column="cid"></many-to-many>
        </set>
    </class>
</hibernate-mapping>
