<?xml version="1.0" encoding="utf-8"?>
<!DOCTYPE hibernate-mapping PUBLIC "-//Hibernate/Hibernate Mapping DTD 3.0//EN"
"http://hibernate.sourceforge.net/hibernate-mapping-3.0.dtd">
<!-- 
    Mapping file autogenerated by MyEclipse Persistence Tools
-->
<hibernate-mapping>
    <class name="qhit.bean.Scoredetails" table="scoredetails" schema="dbo" catalog="LoveExam">
        <id name="id" type="java.lang.Integer">
            <column name="id" />
            <generator class="native" />
        </id>
        <many-to-one name="score" class="qhit.bean.Score" fetch="select" lazy="false">
            <column name="scoreId" />
        </many-to-one>
        <many-to-one name="question" class="qhit.bean.Question" fetch="select" lazy="false">
            <column name="questionId" />
        </many-to-one>
        <property name="answer" type="java.lang.String">
            <column name="answer" length="50" />
        </property>
        <property name="result" type="java.lang.String">
            <column name="result" length="1" />
        </property>
    </class>
</hibernate-mapping>
