<?xml version="1.0" encoding="utf-8"?>
<!DOCTYPE hibernate-mapping PUBLIC "-//Hibernate/Hibernate Mapping DTD 3.0//EN"
"http://hibernate.sourceforge.net/hibernate-mapping-3.0.dtd">
<!-- 
    Mapping file autogenerated by MyEclipse Persistence Tools
-->
<hibernate-mapping>
    <class name="com.qhit.model.Admin" table="admin" schema="dbo" catalog="OnlineTest">
        <id name="aid" type="java.lang.Integer">
            <column name="aid" />
            <generator class="native" />
        </id>
        <property name="aname" type="java.lang.String">
            <column name="aname" length="50" />
        </property>
        <property name="apwd" type="java.lang.String">
            <column name="apwd" length="50" />
        </property>
    </class>
</hibernate-mapping>
