<?xml version="1.0" encoding="utf-8"?>
<!DOCTYPE hibernate-mapping PUBLIC "-//Hibernate/Hibernate Mapping DTD 3.0//EN"
"http://hibernate.sourceforge.net/hibernate-mapping-3.0.dtd">
<!-- 
    Mapping file autogenerated by MyEclipse Persistence Tools
-->
<hibernate-mapping>
    <class name="com.qhit.model.Classes" table="classes" schema="dbo">
        <id name="cid" type="java.lang.Integer">
            <column name="cid" />
            <generator class="native" />
        </id>
        <property name="ccode" type="java.lang.String">
            <column name="ccode" length="50" />
        </property>
        <property name="cname" type="java.lang.String">
            <column name="cname" length="50" />
        </property>
        <set name="students" inverse="true">
            <key>
                <column name="cid" />
            </key>
            <one-to-many class="com.qhit.model.Student" />
        </set>
        <set name="teachers" inverse="true">
            <key>
                <column name="cid" />
            </key>
            <one-to-many class="com.qhit.model.Teacher" />
        </set>
    </class>
</hibernate-mapping>
