<?xml version="1.0" encoding="UTF-8"?>
<!DOCTYPE hibernate-mapping PUBLIC "-//Hibernate/Hibernate Mapping DTD 3.0//EN"
"http://hibernate.sourceforge.net/hibernate-mapping-3.0.dtd">
<!-- 
    Mapping file autogenerated by MyEclipse Persistence Tools
-->
<hibernate-mapping>
    <class name="com.qhit.model.Testpaper" table="testpaper">
        <id name="pid" >
            <column name="pid" />
            <generator class="native" />
        </id>
    	<property name="ptype"></property>
    	<property name="ptitle"></property>
    	<property name="ptime"></property>
    	<property name="tbegintime"></property>
    	<property name="tendtime"></property>
    	<property name="score"></property>
    	<property name="state"></property>
    	<set name="settopic" cascade="save-update">
    		<key column="pid"></key>
    		<one-to-many class="com.qhit.model.Testpaper_Topic"/>
    	</set>
    	<many-to-one name="subject" class="com.qhit.model.Subject" column="subid" > 
    	</many-to-one>
        
    </class>
</hibernate-mapping>
