<?xml version="1.0" encoding="UTF-8"?>
<!DOCTYPE hibernate-mapping PUBLIC "-//Hibernate/Hibernate Mapping DTD 3.0//EN"
"http://hibernate.sourceforge.net/hibernate-mapping-3.0.dtd">
<!-- 
    Mapping file autogenerated by MyEclipse Persistence Tools
-->
<hibernate-mapping>
    <class name="com.qhit.model.Topic" table="topic">
        <id name="tid" >
            <column name="tid" />
            <generator class="native" />
        </id>
    	<property name="ttype"></property>
    	<property name="level"></property>
    	<property name="content"></property>
    	<many-to-one name="subject" class="com.qhit.model.Subject" column="subid" cascade="save-update"> 
    	</many-to-one>
        <many-to-one name="answer"  column="aid" class="com.qhit.model.Answer" unique="true" cascade="save-update">
        </many-to-one>
        <set name="settestpaper">
        	<key column="tid"></key>
        	<one-to-many class="com.qhit.model.Testpaper_Topic"/>
        </set>
    </class>
</hibernate-mapping>
