<?xml version='1.0' encoding='UTF-8'?>
<!DOCTYPE hibernate-configuration PUBLIC
          "-//Hibernate/Hibernate Configuration DTD 3.0//EN"
          "http://hibernate.sourceforge.net/hibernate-configuration-3.0.dtd">

<!-- Generated by MyEclipse Hibernate Tools.                   -->
<hibernate-configuration>

<session-factory>
	<property name="dialect">
		org.hibernate.dialect.SQLServerDialect
	</property>
	<property name="connection.url">
		jdbc:sqlserver://127.0.0.1:1433;databaseName=LoveExam
	</property>
	<property name="connection.username">sa</property>
	<property name="connection.password">123</property>
	<property name="connection.driver_class">
		com.microsoft.sqlserver.jdbc.SQLServerDriver
	</property>
	<property name="jdbc_use_scrollable_resultset">false</property>
	<property name="myeclipse.connection.profile">zz</property>
	<property name="show_sql">true</property>
	<mapping resource="qhit/bean/Classes.hbm.xml" />
	<mapping resource="qhit/bean/Teacher.hbm.xml" />
	<mapping resource="qhit/bean/Student.hbm.xml" />
	<mapping resource="qhit/bean/Admin.hbm.xml" />
	<mapping resource="qhit/bean/Paper.hbm.xml" />
	<mapping resource="qhit/bean/Question.hbm.xml" />
	<mapping resource="qhit/bean/Score.hbm.xml" />
	<mapping resource="qhit/bean/Scoredetails.hbm.xml" />
	
	<mapping resource="qhit/bean/Subject.hbm.xml" />
	

</session-factory>

</hibernate-configuration>