<?xml version="1.0" encoding="UTF-8"?>
   <!DOCTYPE struts PUBLIC 
	"-//Apache Software Foundation//DTD Struts Configuration 2.0//EN"
	"http://struts.apache.org/dtds/struts-2.0.dtd">
        <struts>    
        <constant name="struts.i18n.encoding" value="GBK"></constant>   
        	<package name="loginaction" extends="struts-default" namespace="/">
				<action name="*_login" class="qhit.action.LoginAction" method="{1}">
					<result name="loginok">index.jsp</result>
					<result name="Cancellation">Login.jsp</result>
					<result name="loginfail">Login.jsp</result>
					<result name="showsub">Subject.jsp</result>
					<result name="showtestpaper">testpaper.jsp</result>
					<result name="showscore">score.jsp</result>
					<result name="showpaperquestion">showpaperquestion.jsp</result>
					<result name="showScoredetails">Scoredetails.jsp</result>
					<result name="paper">paper.jsp</result>
					<result name="addpaper">addpaper.jsp</result>
					<result name="classes">allclasses.jsp</result>
					<result name="random">random.jsp</result>
				</action>
				<action name="*_question" class="qhit.action.QuestionAction" method="{1}">
					<result name="showsubjectquestion">question.jsp</result>
					<result name="starupdate">updatequestion.jsp</result>
				</action>
				<action name="*_exam" class="qhit.action.ExamAction" method="{1}">
					<result name="showpaper">readytest.jsp</result>
					<result name="beginexam">exam.jsp</result>
					<result name="submit">exam.jsp</result>
					<result name="loginover">Login.jsp</result>
				</action>
				<action name="*_upload" class="qhit.action.UploadAction" method="{1}">
					<result name="upload" type="redirectAction">showsub_login.action</result>
					<result name="download" type="stream">
						<param name="inputName">inputStream</param>
						<param name="contentDisposition">attachment;filename=Question.xls</param>
						<param name="bufferSize">2048</param>
					</result>
				</action>
			</package>
			<package name="examaction" extends="json-default">
				<action name="*_answer" class="qhit.action.ExamAction" method="{1}">
					   <result name="nexttopic" type="json">
					   	<param name="root">result</param>
		            	</result>
					
				</action>
			</package>
        </struts>
