<?xml version="1.0" encoding="UTF-8"?>
   <!DOCTYPE struts PUBLIC
	"-//Apache Software Foundation//DTD Struts Configuration 2.0//EN"
	"http://struts.apache.org/dtds/struts-2.0.dtd">
	
	<struts>
	
		<package name="demo" extends="struts-default" namespace="/">		
			<action name="*_Login" class="com.qhit.action.AIaction" method="{1}">
				<result name="login" >index.jsp</result>
				<result name="aaa" >login.jsp</result>
				<result name="login2">update.jsp</result>
				<result name="login1" >index.jsp</result>
				<result name="tmbiz" >Tk.jsp</result>
				<result name="tmbyname" >tmbyname.jsp</result>
				<result name="addsuccess" >tmbyname.jsp</result>
				<result name="addshiban" >addTitle.jsp</result>
				<result name="success" >addTitle.jsp</result>
				<result name="paper" >testPaper.jsp</result>
				<result name="choose" >chooseProblem.jsp</result>
				<result name="getTByid" >chooseProblem.jsp</result>
				<result name="chakan" >random.jsp</result>
				<result name="random">random.jsp?tlist=${tlist}</result>
				<result name="room" >startTest.jsp</result>
				<result name="starTest" >startTest.jsp</result>
				<result name="studentTestPaper" >readytest.jsp</result>
				<result name="studentbegintest" >shijuan.jsp</result>		
				<result name="scoreG" >scoreG.jsp</result>
				<result name="ckscore" >ckscore.jsp</result>	
				<result name="Scoredetails" >Scoredetails.jsp</result>		
			</action>
		<action name="*_upload" class="com.qhit.action.UploadAction" method="{1}">
					<result name="upload" type="redirectAction">TmBiz_Login.action</result>
					<result name="download" type="stream">
						<param name="inputName">inputStream</param>
						<param name="contentDisposition">attachment;filename=Question.xls</param>
						<param name="bufferSize">2048</param>
					</result>
				</action>
		</package>
	</struts>