<?xml version="1.0" encoding="UTF-8"?>
   <!DOCTYPE struts PUBLIC 
	"-//Apache Software Foundation//DTD Struts Configuration 2.0//EN"
	"http://struts.apache.org/dtds/struts-2.0.dtd">
        <struts>       
        	<package name="loginaction" extends="struts-default" namespace="/">
				<action name="*_login" class="com.qhit.action.LoginAction" method="{1}">
					<result name="loginok">index.jsp</result>
					<result name="Cancellation" >Login.jsp</result>
					<result name="loginfail">Login.jsp</result>
					
				</action>
				<action name="*_topic" class="com.qhit.action.TopicAction" method="{1}">
					<result name="TopicSuccess">Topic.jsp</result>
					<result name="lookattopic">ListofTopic.jsp</result>
					<result name="canupdate">UpdateTopic.jsp</result>
					
				</action>
				<action name="*_paper" class="com.qhit.action.TestPaper" method="{1}">
					<result name="paper">testpaper.jsp</result>
					<result name="selectionpaper">selectionpaper.jsp</result>
					<result name="classes">selectclasses.jsp</result>
					<result name="readytest">readytest.jsp</result>
				</action>
				<action name="*_exam" class="com.qhit.action.ExamAction" method="{1}">
				<result name="beginexam">exam.jsp</result>
				<result name="loginover">readytest.jsp</result>
				<result name="submit">exam.jsp</result>
				</action>
				<action name="*_random" class="com.qhit.action.RandomPaperAction" method="{1}">
					<result name="Main">randompaper.jsp</result>
				</action>
				<action name="*_performance" class="com.qhit.action.PerformanceAction" method="{1}">
					<result name="Main">performancemain.jsp</result>
					<result name="allstudentforpaper">allstudentforscore.jsp</result>
					<result name="paperdetails">studentpaperforexamover.jsp</result>
					<result name="topicdetials">paperdetails.jsp</result>
				</action>
				<action name="*_upload" class="com.qhit.action.UploadAction" method="{1}">
					<result name="upload" type="redirectAction">Main_paper.action</result>
					<result name="download" type="stream">
						<param name="inputName">inputStream</param>
						<param name="contentDisposition">attachment;filename=Topic.xls</param>
						<param name="bufferSize">2048</param>
					</result>
				</action>
				
			</package>
			
			
			
			
			<package name="examaction" extends="json-default">
				<action name="*_answer" class="com.qhit.action.ExamAction" method="{1}">
					   <result name="nexttopic" type="json">
					   	<param name="root">result</param>
		            	</result>
					
				</action>
				<action name="*_randomcascade" class="com.qhit.action.RandomPaperAction" method="{1}">
					   <result name="directionstage" type="json">
					   	<param name="root">result</param>	
		           		</result>
		            	 <result name="Restrict" type="json">
					   	<param name="root">result</param>
		            	</result>
					
				</action>
				<action name="*_as" class="com.qhit.action.PerformanceAction" method="{1}">
					   <result name="Asynchronous" type="json">
					   	<param name="root">result</param>	
		           		</result>
				</action>
			</package>
			
        </struts>
