<?xml version='1.0' encoding='UTF-8'?>
<!DOCTYPE hibernate-configuration PUBLIC
          "-//Hibernate/Hibernate Configuration DTD 3.0//EN"
          "http://hibernate.sourceforge.net/hibernate-configuration-3.0.dtd">

<!-- Generated by MyEclipse Hibernate Tools.                   -->
<hibernate-configuration>

<session-factory>
	<property name="dialect">
		org.hibernate.dialect.SQLServerDialect
	</property>
	<property name="connection.url">
		jdbc:sqlserver://127.0.0.1:1433;databaseName=OnlineTest
	</property>
	<property name="connection.username">sa</property>
	<property name="connection.password">123</property>
	<property name="connection.driver_class">
		com.microsoft.sqlserver.jdbc.SQLServerDriver
	</property>
	<property name="myeclipse.connection.profile">IK</property>
	<property name="hibernate.hbm2ddl.auto">update</property>
	<mapping resource="bean/Admin.hbm.xml" />
	<mapping resource="bean/Answer.hbm.xml" />
	<mapping resource="bean/Classes.hbm.xml" />
	<mapping resource="bean/Direction_Stage.hbm.xml" />
	<mapping resource="bean/Direction.hbm.xml" />
	<mapping resource="bean/Score.hbm.xml" />
	<mapping resource="bean/Stage.hbm.xml" />
	<mapping resource="bean/Student.hbm.xml" />
	<mapping resource="bean/StudentAnswer.hbm.xml" />
	<mapping resource="bean/Subject.hbm.xml" />
	<mapping resource="bean/Teacher.hbm.xml" />
	<mapping resource="bean/Testpaper_Classes.hbm.xml" />
	<mapping resource="bean/Testpaper_Topic.hbm.xml" />
	<mapping resource="bean/Testpaper.hbm.xml" />
	<mapping resource="bean/Topic.hbm.xml" />
</session-factory>

</hibernate-configuration>