<?xml version="1.0" encoding="utf-8"?>
<!DOCTYPE hibernate-mapping PUBLIC "-//Hibernate/Hibernate Mapping DTD 3.0//EN"
"http://hibernate.sourceforge.net/hibernate-mapping-3.0.dtd">
<!-- 
    Mapping file autogenerated by MyEclipse Persistence Tools
-->
<hibernate-mapping>
    <class name="beans.Classes" table="Classes" schema="dbo" catalog="TestOnline">
        <id name="claId" type="java.lang.Integer">
            <column name="claId" />
            <generator class="native" />
        </id>
        <property name="claName" type="java.lang.String">
            <column name="claName" length="50" not-null="true" />
        </property>
        <set name="students" inverse="true">
            <key>
                <column name="claId" />
            </key>
            <one-to-many class="beans.Student" />
        </set>
    </class>
</hibernate-mapping>
