<?xml version="1.0" encoding="utf-8"?>
<!DOCTYPE hibernate-mapping PUBLIC "-//Hibernate/Hibernate Mapping DTD 3.0//EN"
"http://hibernate.sourceforge.net/hibernate-mapping-3.0.dtd">
<!-- 
    Mapping file autogenerated by MyEclipse Persistence Tools
-->
<hibernate-mapping>
    <class name="beans.Direction" table="Direction" schema="dbo" catalog="TestOnline">
        <id name="direId" type="java.lang.Integer">
            <column name="direId" />
            <generator class="native" />
        </id>
        <property name="dname" type="java.lang.String">
            <column name="dname" length="50" />
        </property>
        <set name="stages" inverse="true">
            <key>
                <column name="direId" not-null="true" />
            </key>
            <one-to-many class="beans.Stage" />
        </set>
    </class>
</hibernate-mapping>
