<?xml version="1.0" encoding="utf-8"?>
<!DOCTYPE hibernate-mapping PUBLIC "-//Hibernate/Hibernate Mapping DTD 3.0//EN"
"http://hibernate.sourceforge.net/hibernate-mapping-3.0.dtd">
<!-- 
    Mapping file autogenerated by MyEclipse Persistence Tools
-->
<hibernate-mapping>
    <class name="beans.Problem" table="Problem" schema="dbo" catalog="TestOnline">
        <id name="proId" type="java.lang.Integer">
            <column name="proId" />
            <generator class="native" />
        </id>
        <many-to-one name="direction" class="beans.Direction" fetch="select">
            <column name="direId" />
        </many-to-one>
        <property name="proType" type="java.lang.String">
            <column name="proType" length="50" not-null="true" />
        </property>
        <property name="proName" type="java.lang.String">
            <column name="proName" length="50" not-null="true" />
        </property>
        <property name="probA" type="java.lang.String">
            <column name="probA" length="50" not-null="true" />
        </property>
        <property name="probB" type="java.lang.String">
            <column name="probB" length="50" not-null="true" />
        </property>
        <property name="probC" type="java.lang.String">
            <column name="probC" length="50" not-null="true" />
        </property>
        <property name="probD" type="java.lang.String">
            <column name="probD" length="50" not-null="true" />
        </property>
        <property name="proAnswer" type="java.lang.String">
            <column name="proAnswer" length="4" not-null="true" />
        </property>
        <property name="proDiff" type="java.lang.String">
            <column name="proDiff" length="50" not-null="true" />
        </property>
        <property name="proChapter" type="java.lang.String">
            <column name="proChapter" length="50" not-null="true" />
        </property>
        <property name="subId" type="java.lang.Integer">
            <column name="subId" not-null="true" />
        </property>
        <property name="staId" type="java.lang.Integer">
            <column name="staId" />
        </property>
    </class>
</hibernate-mapping>
