<?xml version="1.0" encoding="utf-8"?>
<!DOCTYPE hibernate-mapping PUBLIC "-//Hibernate/Hibernate Mapping DTD 3.0//EN"
"http://hibernate.sourceforge.net/hibernate-mapping-3.0.dtd">
<!-- 
    Mapping file autogenerated by MyEclipse Persistence Tools
-->
<hibernate-mapping>
    <class name="beans.Stage" table="Stage" schema="dbo" catalog="TestOnline">
        <id name="staId" type="java.lang.Integer">
            <column name="staId" />
            <generator class="native" />
        </id>
        <many-to-one name="direction" class="beans.Direction" fetch="select">
            <column name="direId" not-null="true" />
        </many-to-one>
        <property name="staName" type="java.lang.String">
            <column name="staName" length="50" />
        </property>
        <set name="subjects" inverse="true">
            <key>
                <column name="staId" not-null="true" />
            </key>
            <one-to-many class="beans.Subject" />
        </set>
    </class>
</hibernate-mapping>
