<?xml version="1.0" encoding="utf-8"?>
<!DOCTYPE hibernate-mapping PUBLIC "-//Hibernate/Hibernate Mapping DTD 3.0//EN"
"http://hibernate.sourceforge.net/hibernate-mapping-3.0.dtd">
<!-- 
    Mapping file autogenerated by MyEclipse Persistence Tools
-->
<hibernate-mapping>
    <class name="beans.StuAchievements" table="stuAchievements" schema="dbo" catalog="TestOnline">
        <id name="caId" type="java.lang.Integer">
            <column name="caId" />
            <generator class="native" />
        </id>
        <many-to-one name="classes" class="beans.Classes" fetch="select">
            <column name="claId" not-null="true" />
        </many-to-one>
        <many-to-one name="testPaper" class="beans.TestPaper" fetch="select">
            <column name="tetsId" not-null="true" />
        </many-to-one>
        <property name="stuSubjectName" type="java.lang.String">
            <column name="stuSubjectName" length="10" not-null="true" />
        </property>
        <property name="stuAchievements" type="java.lang.Integer">
            <column name="stuAchievements" not-null="true" />
        </property>
        <property name="begintime" type="java.sql.Timestamp">
            <column name="begintime" length="23" />
        </property>
        <property name="endtime" type="java.sql.Timestamp">
            <column name="endtime" length="23" />
        </property>
    </class>
</hibernate-mapping>
