<?xml version="1.0" encoding="utf-8"?>
<!DOCTYPE hibernate-mapping PUBLIC "-//Hibernate/Hibernate Mapping DTD 3.0//EN"
"http://hibernate.sourceforge.net/hibernate-mapping-3.0.dtd">
<!-- 
    Mapping file autogenerated by MyEclipse Persistence Tools
-->
<hibernate-mapping>
    <class name="beans.StudentAnswer" table="studentAnswer" schema="dbo" catalog="TestOnline">
        <id name="swid" type="java.lang.Integer">
            <column name="swid" />
            <generator class="native" />
        </id>
        <many-to-one name="classes" class="beans.Classes" fetch="select">
            <column name="claId" not-null="true" />
        </many-to-one>
        <many-to-one name="testPaper" class="beans.TestPaper" fetch="select">
            <column name="testId" not-null="true" />
        </many-to-one>
        <many-to-one name="problem" class="beans.Problem" fetch="select">
            <column name="proId" not-null="true" />
        </many-to-one>
        <property name="stuAnswer" type="java.lang.String">
            <column name="stuAnswer" length="50" />
        </property>
        <property name="endTestState" type="java.lang.Integer">
            <column name="endTestState" />
        </property>
    </class>
</hibernate-mapping>
