<?xml version="1.0" encoding="utf-8"?>
<!DOCTYPE hibernate-mapping PUBLIC "-//Hibernate/Hibernate Mapping DTD 3.0//EN"
"http://hibernate.sourceforge.net/hibernate-mapping-3.0.dtd">
<!-- 
    Mapping file autogenerated by MyEclipse Persistence Tools
-->
<hibernate-mapping>
    <class name="beans.Student" table="Student" schema="dbo" catalog="TestOnline">
        <id name="stuId" type="java.lang.Integer">
            <column name="stuID" />
            <generator class="native" />
        </id>
        <many-to-one name="classes" class="beans.Classes" fetch="select">
            <column name="claId" />
        </many-to-one>
        <property name="stuName" type="java.lang.String">
            <column name="stuName" length="50" />
        </property>
        <property name="stuPwd" type="java.lang.String">
            <column name="stuPwd" length="50" />
        </property>
    </class>
</hibernate-mapping>
