<?xml version="1.0" encoding="utf-8"?>
<!DOCTYPE hibernate-mapping PUBLIC "-//Hibernate/Hibernate Mapping DTD 3.0//EN"
"http://hibernate.sourceforge.net/hibernate-mapping-3.0.dtd">
<!-- 
    Mapping file autogenerated by MyEclipse Persistence Tools
-->
<hibernate-mapping>
    <class name="beans.Subject" table="Subject" schema="dbo" catalog="TestOnline">
        <id name="subId" type="java.lang.Integer">
            <column name="subId" />
            <generator class="native" />
        </id>
        <many-to-one name="direction" class="beans.Direction" fetch="select">
            <column name="direId" />
        </many-to-one>
        <property name="subName" type="java.lang.String">
            <column name="subName" length="50" not-null="true" />
        </property>
        <property name="staId" type="java.lang.Integer">
            <column name="staId" not-null="true" />
        </property>
    </class>
</hibernate-mapping>
