<?xml version="1.0" encoding="utf-8"?>
<!DOCTYPE hibernate-mapping PUBLIC "-//Hibernate/Hibernate Mapping DTD 3.0//EN"
"http://hibernate.sourceforge.net/hibernate-mapping-3.0.dtd">
<!-- 
    Mapping file autogenerated by MyEclipse Persistence Tools
-->
<hibernate-mapping>
    <class name="beans.Teacher" table="Teacher" schema="dbo" catalog="TestOnline">
        <id name="teacId" type="java.lang.Integer">
            <column name="teacID" />
            <generator class="native" />
        </id>
        <property name="teacName" type="java.lang.String">
            <column name="teacName" length="50" />
        </property>
        <property name="teacPwd" type="java.lang.String">
            <column name="teacPwd" length="50" />
        </property>
    </class>
</hibernate-mapping>
