<?xml version="1.0" encoding="utf-8"?>
<!DOCTYPE hibernate-mapping PUBLIC "-//Hibernate/Hibernate Mapping DTD 3.0//EN"
"http://hibernate.sourceforge.net/hibernate-mapping-3.0.dtd">
<!-- 
    Mapping file autogenerated by MyEclipse Persistence Tools
-->
<hibernate-mapping>
    <class name="beans.TestPaper" table="testPaper" schema="dbo" catalog="TestOnline">
        <id name="testId" type="java.lang.Integer">
            <column name="testId" />
            <generator class="native" />
        </id>
        <many-to-one name="subject" class="beans.Subject" fetch="select">
            <column name="subId" not-null="true" />
        </many-to-one>
        <property name="testType" type="java.lang.String">
            <column name="testType" length="50" not-null="true" />
        </property>
        <property name="testSubjectName" type="java.lang.String">
            <column name="testSubjectName" length="50" not-null="true" />
        </property>
        <property name="testTitle" type="java.lang.String">
            <column name="testTitle" length="10" not-null="true" />
        </property>
        <property name="testClass" type="java.lang.String">
            <column name="testClass" length="50" />
        </property>
        <property name="testTime" type="java.lang.String">
            <column name="testTime" length="10" not-null="true" />
        </property>
        <property name="testState" type="java.lang.String">
            <column name="testState" length="4" not-null="true" />
        </property>
        <property name="testSumScore" type="java.lang.Integer">
            <column name="testSumScore" />
        </property>
        <property name="testOneScore" type="java.lang.Double">
            <column name="testOneScore" precision="15" scale="0" />
        </property>
        <property name="beginTime" type="java.sql.Timestamp">
            <column name="beginTime" length="23" />
        </property>
        <set name="wrongProblems" inverse="true">
            <key>
                <column name="testId" not-null="true" />
            </key>
            <one-to-many class="beans.WrongProblem" />
        </set>
        <set name="stuAchievementses" inverse="true">
            <key>
                <column name="tetsId" not-null="true" />
            </key>
            <one-to-many class="beans.StuAchievements" />
        </set>
        <set name="studentAnswers" inverse="true">
            <key>
                <column name="testId" not-null="true" />
            </key>
            <one-to-many class="beans.StudentAnswer" />
        </set>
         <set name="testPaperProblems" inverse="true" cascade="save-update">
            <key>
                <column name="testId" not-null="true" />
            </key>
            <one-to-many class="beans.TestPaperProblem" />
        </set>
    </class>
</hibernate-mapping>
