<?xml version="1.0" encoding="utf-8"?>
<!DOCTYPE hibernate-mapping PUBLIC "-//Hibernate/Hibernate Mapping DTD 3.0//EN"
"http://hibernate.sourceforge.net/hibernate-mapping-3.0.dtd">
<!-- 
    Mapping file autogenerated by MyEclipse Persistence Tools
-->
<hibernate-mapping>
    <class name="beans.TestPaperProblem" table="testPaperProblem" schema="dbo" catalog="TestOnline">
        <id name="testProId" type="java.lang.Integer">
            <column name="testProId" />
            <generator class="native" />
        </id>
        <many-to-one name="testPaper" class="beans.TestPaper" fetch="select" cascade="save-update">
            <column name="testId" not-null="true" />
        </many-to-one>
        <many-to-one name="problem" class="beans.Problem" fetch="select">
            <column name="proId" not-null="true" />
        </many-to-one>
    </class>
</hibernate-mapping>
