<?xml version="1.0" encoding="utf-8"?>
<!DOCTYPE hibernate-mapping PUBLIC "-//Hibernate/Hibernate Mapping DTD 3.0//EN"
"http://hibernate.sourceforge.net/hibernate-mapping-3.0.dtd">
<!-- 
    Mapping file autogenerated by MyEclipse Persistence Tools
-->
<hibernate-mapping>
    <class name="beans.WrongProblem" table="wrongProblem" schema="dbo" catalog="TestOnline">
        <id name="wid" type="java.lang.Integer">
            <column name="wid" />
            <generator class="native" />
        </id>
        <many-to-one name="classes" class="beans.Classes" fetch="select">
            <column name="claId" not-null="true" />
        </many-to-one>
        <many-to-one name="testPaper" class="beans.TestPaper" fetch="select">
            <column name="testId" not-null="true" />
        </many-to-one>
        <property name="wrongProId" type="java.lang.Integer">
            <column name="wrongProId" not-null="true" />
        </property>
    </class>
</hibernate-mapping>
