<?xml version="1.0" encoding="UTF-8"?>
<!DOCTYPE hibernate-mapping PUBLIC "-//Hibernate/Hibernate Mapping DTD 3.0//EN"
"http://hibernate.sourceforge.net/hibernate-mapping-3.0.dtd">
<!-- 
    Mapping file autogenerated by MyEclipse Persistence Tools
-->
<hibernate-mapping>
    <class name="bean.Answer" table="answer">
        <id name="aid" >
            <column name="aid" />
            <generator class="native" />
        </id>
    	<property name="A"></property>
    	<property name="B"></property>
    	<property name="C"></property>
    	<property name="D"></property>
    	<property name="rightanswer"></property>

    </class>
</hibernate-mapping>
