<?xml version="1.0" encoding="UTF-8"?>
<!DOCTYPE hibernate-mapping PUBLIC "-//Hibernate/Hibernate Mapping DTD 3.0//EN"
"http://hibernate.sourceforge.net/hibernate-mapping-3.0.dtd">
<!-- 
    Mapping file autogenerated by MyEclipse Persistence Tools
-->
<hibernate-mapping>
    <class name="bean.Direction" table="direction">
        <id name="did" type="java.lang.Integer">
            <column name="did" />
            <generator class="native" />
        </id>
    	<property name="dname"></property>
       
    </class>
</hibernate-mapping>
