<?xml version="1.0" encoding="UTF-8"?>
<!DOCTYPE hibernate-mapping PUBLIC "-//Hibernate/Hibernate Mapping DTD 3.0//EN"
"http://hibernate.sourceforge.net/hibernate-mapping-3.0.dtd">
<!-- 
    Mapping file autogenerated by MyEclipse Persistence Tools
-->
<hibernate-mapping>
    <class name="bean.StudentAnswer" table="studentanswer">
        <id name="studentaid" >
            <column name="studentaid" />
            <generator class="native" />
        </id>
    	<property name="sanswer"></property>
    	<property name="surplustime"></property>
    	<property name="submit"></property>
    	 <many-to-one name="student" lazy="false" column="sid" class="bean.Student" cascade="save-update">
        </many-to-one>
    	<many-to-one name="testpaper" class="bean.Testpaper" column="pid" cascade="save-update"> 
    	</many-to-one>
    	<many-to-one name="topic" class="bean.Topic" column="tid" cascade="save-update"> 
    	</many-to-one>
    </class>
</hibernate-mapping>
