<?xml version="1.0" encoding="UTF-8"?>
<!DOCTYPE hibernate-mapping PUBLIC "-//Hibernate/Hibernate Mapping DTD 3.0//EN"
"http://hibernate.sourceforge.net/hibernate-mapping-3.0.dtd">
<!-- 
    Mapping file autogenerated by MyEclipse Persistence Tools
-->
<hibernate-mapping>
    <class name="bean.Teacher" table="teacher" schema="dbo" >
        <id name="tid" type="java.lang.Integer">
            <column name="tid" />
            <generator class="native" />
        </id>
        <many-to-one name="classes" class="bean.Classes" fetch="select">
            <column name="cid" />
        </many-to-one>
        <property name="tname" type="java.lang.String">
            <column name="tname" length="50" />
        </property>
        <property name="tpwd" type="java.lang.String">
            <column name="tpwd" length="50" />
        </property>
    </class>
</hibernate-mapping>
