<?xml version="1.0" encoding="utf-8"?>
<!DOCTYPE hibernate-mapping PUBLIC "-//Hibernate/Hibernate Mapping DTD 3.0//EN"
"http://hibernate.sourceforge.net/hibernate-mapping-3.0.dtd">
<!-- 
    Mapping file autogenerated by MyEclipse Persistence Tools
-->
<hibernate-mapping>
    <class name="com.qhit.bean.Classroom" table="classroom" schema="dbo" catalog="Ai_K">
        <id name="cid" type="java.lang.Integer">
            <column name="cid" />
            <generator class="native" />
        </id>
        <property name="cname" type="java.lang.String">
            <column name="cname" length="50" />
        </property>
       
        <set name="testpaper" inverse="true" table="testpaper_class" cascade="all">
            <key>
                <column name="cid" />
            </key>
            <many-to-many class="com.qhit.bean.TestPaper" column="tpid"></many-to-many>
        </set>
         <set name="stu" inverse="true" cascade="all">
            <key>
                <column name="cid" />
            </key>
            <one-to-many class="com.qhit.bean.Student" />
        </set>
        
    </class>
</hibernate-mapping>
