<?xml version="1.0" encoding="utf-8"?>
<!DOCTYPE hibernate-mapping PUBLIC "-//Hibernate/Hibernate Mapping DTD 3.0//EN"
"http://hibernate.sourceforge.net/hibernate-mapping-3.0.dtd">
<!-- 
    Mapping file autogenerated by MyEclipse Persistence Tools
-->
<hibernate-mapping>
    <class name="com.qhit.bean.Direction" table="direction" schema="dbo" catalog="Ai_K">
        <id name="did" type="java.lang.Integer">
            <column name="did" />
            <generator class="native" />
        </id>
        <property name="dname" type="java.lang.String">
            <column name="dname" length="50" />
        </property>
        <set name="stages" inverse="true" cascade="all">
            <key>
                <column name="did" />
            </key>
            <one-to-many class="com.qhit.bean.Stage" />
        </set>
    </class>
</hibernate-mapping>
