<?xml version="1.0" encoding="utf-8"?>
<!DOCTYPE hibernate-mapping PUBLIC "-//Hibernate/Hibernate Mapping DTD 3.0//EN"
"http://hibernate.sourceforge.net/hibernate-mapping-3.0.dtd">
<!-- 
    Mapping file autogenerated by MyEclipse Persistence Tools
-->
<hibernate-mapping>
    <class name="com.qhit.bean.Stage" table="stage" schema="dbo" catalog="Ai_K">
        <id name="sid" type="java.lang.Integer">
            <column name="sid" />
            <generator class="native" />
        </id>
        <many-to-one name="direction" class="com.qhit.bean.Direction" fetch="select" cascade="all">
            <column name="did" />
        </many-to-one>
        <property name="sname" type="java.lang.String">
            <column name="sname" length="50" />
        </property>
        <set name="subjects" inverse="true" cascade="all">
            <key>
                <column name="sid" />
            </key>
            <one-to-many class="com.qhit.bean.Subject" />
        </set>
    </class>
</hibernate-mapping>
