<?xml version="1.0" encoding="utf-8"?>
<!DOCTYPE hibernate-mapping PUBLIC "-//Hibernate/Hibernate Mapping DTD 3.0//EN"
"http://hibernate.sourceforge.net/hibernate-mapping-3.0.dtd">
<!-- 
    Mapping file autogenerated by MyEclipse Persistence Tools
-->
<hibernate-mapping>
    <class name="com.qhit.bean.StudentAnswer" table="student_answer" schema="dbo" catalog="Ai_K">
        <id name="said" type="java.lang.Integer">
            <column name="said" />
            <generator class="native" />
        </id>
        <many-to-one name="title" class="com.qhit.bean.Title" fetch="select">
            <column name="tid" />
        </many-to-one>
        <many-to-one name="student" class="com.qhit.bean.Student" fetch="select">
            <column name="sid" />
        </many-to-one>
        <many-to-one name="testPaper" class="com.qhit.bean.TestPaper" fetch="select">
            <column name="tpid" />
        </many-to-one>
        <property name="time" type="java.lang.String">
            <column name="time" length="50" />
        </property>
        <property name="stuanswer" type="java.lang.String">
            <column name="stuanswer" length="500" />
        </property>
    </class>
</hibernate-mapping>
