<?xml version="1.0" encoding="utf-8"?>
<!DOCTYPE hibernate-mapping PUBLIC "-//Hibernate/Hibernate Mapping DTD 3.0//EN"
"http://hibernate.sourceforge.net/hibernate-mapping-3.0.dtd">
<!-- 
    Mapping file autogenerated by MyEclipse Persistence Tools
-->
<hibernate-mapping>
    <class name="com.qhit.bean.Studentscore" table="studentscore" schema="dbo" catalog="Ai_K">
        <id name="ssid" type="java.lang.Integer">
            <column name="ssid" />
            <generator class="native" />
        </id>
        <many-to-one name="student" class="com.qhit.bean.Student" fetch="select">
            <column name="sid" />
        </many-to-one>
        <many-to-one name="testPaper" class="com.qhit.bean.TestPaper" fetch="select">
            <column name="tpid" />
        </many-to-one>
        <property name="sum" type="java.lang.Integer">
            <column name="sum" />
        </property>
        <property name="losetime" type="java.sql.Timestamp">
            <column name="losetime" length="23" />
        </property>
    </class>
</hibernate-mapping>
