<?xml version="1.0" encoding="utf-8"?>
<!DOCTYPE hibernate-mapping PUBLIC "-//Hibernate/Hibernate Mapping DTD 3.0//EN"
"http://hibernate.sourceforge.net/hibernate-mapping-3.0.dtd">
<!-- 
    Mapping file autogenerated by MyEclipse Persistence Tools
-->
<hibernate-mapping>
    <class name="com.qhit.bean.Subject" table="subject" schema="dbo" catalog="Ai_K">
        <id name="jid" type="java.lang.Integer">
            <column name="jid" />
            <generator class="native" />
        </id>
        <many-to-one name="stage" class="com.qhit.bean.Stage" fetch="select" cascade="all">
            <column name="sid" />
        </many-to-one>
        <property name="jname" type="java.lang.String">
            <column name="jname" length="50" />
        </property>
        <set name="testPapers" inverse="true" cascade="all">
            <key>
                <column name="jid" />
            </key>
            <one-to-many class="com.qhit.bean.TestPaper" />
        </set>
        <set name="titles" inverse="true" cascade="all">
            <key>
                <column name="jid" />
            </key>
            <one-to-many class="com.qhit.bean.Title" />
        </set>
    </class>
</hibernate-mapping>
