<?xml version="1.0" encoding="utf-8"?>
<!DOCTYPE hibernate-mapping PUBLIC "-//Hibernate/Hibernate Mapping DTD 3.0//EN"
"http://hibernate.sourceforge.net/hibernate-mapping-3.0.dtd">
<!-- 
    Mapping file autogenerated by MyEclipse Persistence Tools
-->
<hibernate-mapping>
    <class name="com.qhit.bean.TestPaper" table="test_paper" schema="dbo" catalog="Ai_K">
        <id name="tpid" type="java.lang.Integer">
            <column name="tpid" />
            <generator class="native" />
        </id>
        <many-to-one name="subject" class="com.qhit.bean.Subject" fetch="select" cascade="all">
            <column name="jid" />
        </many-to-one>
        <property name="tpname" type="java.lang.String">
            <column name="tpname" length="50" />
        </property>
        <property name="testTime" type="java.lang.String">
            <column name="test_time" length="50" />
        </property>
        <property name="state" type="java.lang.String">
            <column name="state" length="50" />
        </property>
         <property name="startime" type="java.lang.String">
            <column name="startime" length="50" />
        </property>
        <property name="avg" type="java.lang.Integer">
            <column name="avg" length="50" />
        </property>
        <property name="tishu" type="java.lang.Integer">
            <column name="tishu" length="50" />
        </property>
        <property name="jieshutime" type="java.lang.String">
            <column name="jieshutime" length="50" />
        </property>
        <set name="Title" inverse="false" table="test_paper_title" cascade="all">
            <key>
                <column name="tpid" />
            </key>
           <many-to-many class="com.qhit.bean.Title" column="tid"></many-to-many>
        </set>
        <set name="classroom" inverse="false" table="testpaper_class" cascade="all">
            <key>
                <column name="tpid" />
            </key>
           <many-to-many class="com.qhit.bean.Classroom" column="cid"></many-to-many>
        </set>
        <set name="studentanswer" inverse="true" cascade="all">
            <key>
                <column name="tpid" />
            </key>
            <one-to-many class="com.qhit.bean.StudentAnswer" />
        </set>
        <set name="studentscore" inverse="true" cascade="all">
            <key>
                <column name="tpid" />
            </key>
            <one-to-many class="com.qhit.bean.Studentscore" />
        </set>
    </class>
</hibernate-mapping>
