<?xml version="1.0" encoding="utf-8"?>
<!DOCTYPE hibernate-mapping PUBLIC "-//Hibernate/Hibernate Mapping DTD 3.0//EN"
"http://hibernate.sourceforge.net/hibernate-mapping-3.0.dtd">
<!-- 
    Mapping file autogenerated by MyEclipse Persistence Tools
-->
<hibernate-mapping>
    <class name="com.qhit.bean.Title" table="title" schema="dbo" catalog="Ai_K">
        <id name="tid" type="java.lang.Integer">
            <column name="tid" />
            <generator class="native" />
        </id>
        <many-to-one name="subject" class="com.qhit.bean.Subject" fetch="select">
            <column name="jid" />
        </many-to-one>
        <property name="tname" type="java.lang.String">
            <column name="tname" length="50" />
        </property>
        <property name="shiti" type="java.lang.Integer">
            <column name="shiti" />
        </property>
        <property name="danxuan" type="java.lang.Integer">
            <column name="danxuan" />
        </property>
        <property name="nandu" type="java.lang.String">
            <column name="nandu" length="50"  />
        </property>
        <property name="a" type="java.lang.String">
            <column name="a" length="50" />
        </property>
        <property name="b" type="java.lang.String">
            <column name="b" length="50" />
        </property>
        <property name="c" type="java.lang.String">
            <column name="c" length="50" />
        </property>
        <property name="d" type="java.lang.String">
            <column name="d" length="50" />
        </property>
        <property name="answer" type="java.lang.String">
            <column name="answer" length="50" />
        </property>
        <property name="chapter" type="java.lang.String">
            <column name="chapter" length="50" />
        </property>
        <set name="testPaper" inverse="true" table="test_paper_title" cascade="all">
            <key>
                <column name="tid" />
            </key>
            <many-to-many class="com.qhit.bean.TestPaper" column="tpid"></many-to-many>
        </set>
          <set name="studentanswer" inverse="true" cascade="all">
            <key>
                <column name="tid" />
            </key>
            <one-to-many class="com.qhit.bean.Title" />
        </set>
    </class>
</hibernate-mapping>
