<?xml version="1.0" encoding="utf-8"?>
<!DOCTYPE hibernate-mapping PUBLIC "-//Hibernate/Hibernate Mapping DTD 3.0//EN"
"http://hibernate.sourceforge.net/hibernate-mapping-3.0.dtd">
<!-- 
    Mapping file autogenerated by MyEclipse Persistence Tools
-->
<hibernate-mapping>
    <class name="com.qhit.bean.Classs" table="Classs" schema="dbo" catalog="AiKaoqyn">
        <id name="cid" type="java.lang.Integer">
            <column name="cid" />
            <generator class="assigned" />
        </id>
        <property name="cname" type="java.lang.String">
            <column name="cname" />
        </property>
        <set name="students" inverse="true">
            <key>
                <column name="scid" />
            </key>
            <one-to-many class="com.qhit.bean.Student" />
        </set>
        <set name="papers" inverse="true">
            <key>
                <column name="pcid" />
            </key>
            <one-to-many class="com.qhit.bean.Paper" />
        </set>
    </class>
</hibernate-mapping>
