<?xml version="1.0" encoding="utf-8"?>
<!DOCTYPE hibernate-mapping PUBLIC "-//Hibernate/Hibernate Mapping DTD 3.0//EN"
"http://hibernate.sourceforge.net/hibernate-mapping-3.0.dtd">
<!-- 
    Mapping file autogenerated by MyEclipse Persistence Tools
-->
<hibernate-mapping>
    <class name="com.qhit.bean.Direction" table="Direction" schema="dbo" catalog="AiKaoqyn">
        <id name="did" type="java.lang.Integer">
            <column name="did" />
            <generator class="assigned" />
        </id>
        <property name="dname" type="java.lang.String">
            <column name="dname" />
        </property>
        <set name="subjects" inverse="true">
            <key>
                <column name="subdid" />
            </key>
            <one-to-many class="com.qhit.bean.Subject" />
        </set>
        <set name="students" inverse="true">
            <key>
                <column name="sdid" />
            </key>
            <one-to-many class="com.qhit.bean.Student" />
        </set>
    </class>
</hibernate-mapping>
