<?xml version="1.0" encoding="utf-8"?>
<!DOCTYPE hibernate-mapping PUBLIC "-//Hibernate/Hibernate Mapping DTD 3.0//EN"
"http://hibernate.sourceforge.net/hibernate-mapping-3.0.dtd">
<!-- 
    Mapping file autogenerated by MyEclipse Persistence Tools
-->
<hibernate-mapping>
    <class name="com.qhit.bean.ExamQuestion" table="ExamQuestion" schema="dbo" catalog="AiKaoqyn">
        <id name="eid" type="java.lang.Integer">
            <column name="eid" />
            <generator class="assigned" />
        </id>
        <many-to-one name="subject" class="com.qhit.bean.Subject" fetch="select">
            <column name="esubid" />
        </many-to-one>
        <property name="efirstType" type="java.lang.String">
            <column name="efirstType" />
        </property>
        <property name="echooseType" type="java.lang.String">
            <column name="echooseType" />
        </property>
        <property name="econtent" type="java.lang.String">
            <column name="econtent" />
        </property>
        <property name="eoptionA" type="java.lang.String">
            <column name="eoptionA" />
        </property>
        <property name="eoptionB" type="java.lang.String">
            <column name="eoptionB" />
        </property>
        <property name="eoptionC" type="java.lang.String">
            <column name="eoptionC" />
        </property>
        <property name="eoptionD" type="java.lang.String">
            <column name="eoptionD" />
        </property>
        <property name="eanswer" type="java.lang.String">
            <column name="eanswer" />
        </property>
        <property name="edifficultLevel" type="java.lang.String">
            <column name="edifficultLevel" />
        </property>
        <property name="echapter" type="java.lang.String">
            <column name="echapter" />
        </property>
        <set name="paperEqs" inverse="true">
            <key>
                <column name="eid" />
            </key>
            <one-to-many class="com.qhit.bean.PaperEq" />
        </set>
        <set name="stuPaperEqs" inverse="true">
            <key>
                <column name="eid" />
            </key>
            <one-to-many class="com.qhit.bean.StuPaperEq" />
        </set>
    </class>
</hibernate-mapping>
