<?xml version="1.0" encoding="utf-8"?>
<!DOCTYPE hibernate-mapping PUBLIC "-//Hibernate/Hibernate Mapping DTD 3.0//EN"
"http://hibernate.sourceforge.net/hibernate-mapping-3.0.dtd">
<!-- 
    Mapping file autogenerated by MyEclipse Persistence Tools
-->
<hibernate-mapping>
    <class name="com.qhit.bean.Paper" table="Paper" schema="dbo" catalog="AiKaoqyn">
        <id name="pid" type="java.lang.Integer">
            <column name="pid" />
            <generator class="assigned" />
        </id>
        <many-to-one name="subject" class="com.qhit.bean.Subject" fetch="select">
            <column name="psubid" />
        </many-to-one>
        <many-to-one name="classs" class="com.qhit.bean.Classs" fetch="select">
            <column name="pcid" />
        </many-to-one>
        <many-to-one name="tatus" class="com.qhit.bean.Tatus" fetch="select">
            <column name="ptaid" />
        </many-to-one>
        <property name="pfirstType" type="java.lang.String">
            <column name="pfirstType" />
        </property>
        <property name="ptitle" type="java.lang.String">
            <column name="ptitle" />
        </property>
        <property name="pstartTime" type="java.lang.String">
            <column name="pstartTime" />
        </property>
        <property name="pfinishTime" type="java.lang.String">
            <column name="pfinishTime" />
        </property>
        <property name="pexamTime" type="java.lang.Integer">
            <column name="pexamTime" />
        </property>
        <property name="ptotalScore" type="java.lang.String">
            <column name="ptotalScore" />
        </property>
        <set name="stuPaperEqs" inverse="true">
            <key>
                <column name="pid" />
            </key>
            <one-to-many class="com.qhit.bean.StuPaperEq" />
        </set>
        <set name="scores" inverse="true">
            <key>
                <column name="scopid" />
            </key>
            <one-to-many class="com.qhit.bean.Score" />
        </set>
        <set name="paperEqs" inverse="true">
            <key>
                <column name="pid" />
            </key>
            <one-to-many class="com.qhit.bean.PaperEq" />
        </set>
    </class>
</hibernate-mapping>
