<?xml version="1.0" encoding="utf-8"?>
<!DOCTYPE hibernate-mapping PUBLIC "-//Hibernate/Hibernate Mapping DTD 3.0//EN"
"http://hibernate.sourceforge.net/hibernate-mapping-3.0.dtd">
<!-- 
    Mapping file autogenerated by MyEclipse Persistence Tools
-->
<hibernate-mapping>
    <class name="com.qhit.bean.Stage" table="Stage" schema="dbo" catalog="AiKaoqyn">
        <id name="staid" type="java.lang.Integer">
            <column name="staid" />
            <generator class="assigned" />
        </id>
        <property name="staname" type="java.lang.String">
            <column name="staname" />
        </property>
        <set name="subjects" inverse="true">
            <key>
                <column name="substaid" />
            </key>
            <one-to-many class="com.qhit.bean.Subject" />
        </set>
    </class>
</hibernate-mapping>
