<?xml version="1.0" encoding="utf-8"?>
<!DOCTYPE hibernate-mapping PUBLIC "-//Hibernate/Hibernate Mapping DTD 3.0//EN"
"http://hibernate.sourceforge.net/hibernate-mapping-3.0.dtd">
<!-- 
    Mapping file autogenerated by MyEclipse Persistence Tools
-->
<hibernate-mapping>
    <class name="com.qhit.bean.Student" table="Student" schema="dbo" catalog="AiKaoqyn">
        <id name="sid" type="java.lang.Integer">
            <column name="sid" />
            <generator class="assigned" />
        </id>
        <many-to-one name="classs" class="com.qhit.bean.Classs" fetch="select">
            <column name="scid" />
        </many-to-one>
        <many-to-one name="direction" class="com.qhit.bean.Direction" fetch="select">
            <column name="sdid" />
        </many-to-one>
        <property name="sname" type="java.lang.String">
            <column name="sname" />
        </property>
        <property name="spwd" type="java.lang.String">
            <column name="spwd" />
        </property>
        <property name="ssubid" type="java.lang.Integer">
            <column name="ssubid" />
        </property>
        <set name="scores" inverse="true">
            <key>
                <column name="scosid" not-null="true" />
            </key>
            <one-to-many class="com.qhit.bean.Score" />
        </set>
        <set name="stuPaperEqs" inverse="true">
            <key>
                <column name="sid" not-null="true" />
            </key>
            <one-to-many class="com.qhit.bean.StuPaperEq" />
        </set>
    </class>
</hibernate-mapping>
