<?xml version="1.0" encoding="utf-8"?>
<!DOCTYPE hibernate-mapping PUBLIC "-//Hibernate/Hibernate Mapping DTD 3.0//EN"
"http://hibernate.sourceforge.net/hibernate-mapping-3.0.dtd">
<!-- 
    Mapping file autogenerated by MyEclipse Persistence Tools
-->
<hibernate-mapping>
    <class name="com.qhit.bean.Subject" table="Subject" schema="dbo" catalog="AiKaoqyn">
        <id name="subid" type="java.lang.Integer">
            <column name="subid" />
            <generator class="assigned" />
        </id>
        <many-to-one name="direction" class="com.qhit.bean.Direction" fetch="select">
            <column name="subdid" />
        </many-to-one>
        <many-to-one name="stage" class="com.qhit.bean.Stage" fetch="select">
            <column name="substaid" />
        </many-to-one>
        <property name="subname" type="java.lang.String">
            <column name="subname" />
        </property>
        <set name="examQuestions" inverse="true">
            <key>
                <column name="esubid" />
            </key>
            <one-to-many class="com.qhit.bean.ExamQuestion" />
        </set>
        <set name="papers" inverse="true">
            <key>
                <column name="psubid" />
            </key>
            <one-to-many class="com.qhit.bean.Paper" />
        </set>
    </class>
</hibernate-mapping>
