<?xml version="1.0" encoding="utf-8"?>
<!DOCTYPE hibernate-mapping PUBLIC "-//Hibernate/Hibernate Mapping DTD 3.0//EN"
"http://hibernate.sourceforge.net/hibernate-mapping-3.0.dtd">
<!-- 
    Mapping file autogenerated by MyEclipse Persistence Tools
-->
<hibernate-mapping>
    <class name="com.qhit.bean.Tatus" table="Tatus" schema="dbo" catalog="AiKaoqyn">
        <id name="taid" type="java.lang.Integer">
            <column name="taid" />
            <generator class="assigned" />
        </id>
        <property name="taname" type="java.lang.String">
            <column name="taname" />
        </property>
        <set name="papers" inverse="true">
            <key>
                <column name="ptaid" />
            </key>
            <one-to-many class="com.qhit.bean.Paper" />
        </set>
    </class>
</hibernate-mapping>
