<?xml version="1.0" encoding="utf-8"?>
<!DOCTYPE hibernate-mapping PUBLIC "-//Hibernate/Hibernate Mapping DTD 3.0//EN"
"http://hibernate.sourceforge.net/hibernate-mapping-3.0.dtd">
<!-- 
    Mapping file autogenerated by MyEclipse Persistence Tools
-->
<hibernate-mapping>
    <class name="com.qhit.bean.Users" table="Users" schema="dbo" catalog="AiKaoqyn">
        <id name="uid" type="java.lang.Integer">
            <column name="uid" />
            <generator class="assigned" />
        </id>
        <property name="uname" type="java.lang.String">
            <column name="uname" />
        </property>
        <property name="upwd" type="java.lang.String">
            <column name="upwd" />
        </property>
        <property name="role" type="java.lang.String">
            <column name="role" />
        </property>
    </class>
</hibernate-mapping>
