<?xml version="1.0" encoding="UTF-8"?>
<!DOCTYPE hibernate-mapping PUBLIC "-//Hibernate/Hibernate Mapping DTD 3.0//EN"
"http://hibernate.sourceforge.net/hibernate-mapping-3.0.dtd">
<!-- 
    Mapping file autogenerated by MyEclipse Persistence Tools
-->
<hibernate-mapping>
    <class name="com.qhit.model.Stage" table="stage">
        <id name="sid" >
            <column name="sid" />
            <generator class="native" />
        </id>
        <property name="sname"></property>
        
    </class>
</hibernate-mapping>
