<?xml version="1.0" encoding="UTF-8"?>
<!DOCTYPE hibernate-mapping PUBLIC "-//Hibernate/Hibernate Mapping DTD 3.0//EN"
"http://hibernate.sourceforge.net/hibernate-mapping-3.0.dtd">
<!-- 
    Mapping file autogenerated by MyEclipse Persistence Tools
-->
<hibernate-mapping>
    <class name="com.qhit.model.Student" table="student" schema="dbo" >
        <id name="sid" type="java.lang.Integer">
            <column name="sid" />
            <generator class="native" />
        </id>
        <many-to-one name="classes" class="com.qhit.model.Classes" fetch="select">
            <column name="cid" />
        </many-to-one>
        <property name="sname" type="java.lang.String">
            <column name="sname" length="50" />
        </property>
        <property name="spwd" type="java.lang.String">
            <column name="spwd" length="50" />
        </property>
    </class>
</hibernate-mapping>
