<?xml version="1.0" encoding="utf-8"?>
<!DOCTYPE hibernate-mapping PUBLIC "-//Hibernate/Hibernate Mapping DTD 3.0//EN"
"http://hibernate.sourceforge.net/hibernate-mapping-3.0.dtd">
<!-- 
    Mapping file autogenerated by MyEclipse Persistence Tools
-->
<hibernate-mapping>
    <class name="qhit.bean.Student" table="student" schema="dbo" catalog="LoveExam">
        <id name="id" type="java.lang.Integer">
            <column name="id" />
            <generator class="assigned" />
        </id>
        <many-to-one name="classes" class="qhit.bean.Classes" fetch="select" lazy="false">
            <column name="classId" />
        </many-to-one>
        <property name="stuName" type="java.lang.String">
            <column name="stuName" length="50" />
        </property>
        <property name="stuPwd" type="java.lang.String">
            <column name="stuPwd" length="50" />
        </property>
        <set name="scores" inverse="true">
            <key>
                <column name="stuId" />
            </key>
            <one-to-many class="qhit.bean.Score" />
        </set>
    </class>
</hibernate-mapping>
