<?xml version='1.0' encoding='UTF-8'?>
<!DOCTYPE hibernate-configuration PUBLIC
          "-//Hibernate/Hibernate Configuration DTD 3.0//EN"
          "http://hibernate.sourceforge.net/hibernate-configuration-3.0.dtd">

<!-- Generated by MyEclipse Hibernate Tools.                   -->
<hibernate-configuration>

	<session-factory>
		<property name="dialect">
			org.hibernate.dialect.SQLServerDialect
		</property>
		<property name="connection.url">
			jdbc:sqlserver://127.0.0.1:1433;databaseName=TestOnline
		</property>
		<property name="connection.username">sa</property>
		<property name="connection.password">123</property>
		<property name="connection.driver_class">
			com.microsoft.sqlserver.jdbc.SQLServerDriver
		</property>
		<property name="myeclipse.connection.profile">
			SqlServer
		</property>
		<property name="show_sql">true</property>
		<mapping resource="beans/Admin.hbm.xml" />
		<mapping resource="beans/Teacher.hbm.xml" />
		<mapping resource="beans/Stage.hbm.xml" />
		<mapping resource="beans/Direction.hbm.xml" />
		<mapping resource="beans/Subject.hbm.xml" />
		<mapping resource="beans/Problem.hbm.xml" />
		<mapping resource="beans/Student.hbm.xml" />
		<mapping resource="beans/Classes.hbm.xml" />
		<mapping resource="beans/TestPaperProblem.hbm.xml" />
		<mapping resource="beans/StuAchievements.hbm.xml" />
		<mapping resource="beans/StudentAnswer.hbm.xml" />
		<mapping resource="beans/WrongProblem.hbm.xml" />
		<mapping resource="beans/TestPaper.hbm.xml" />

	</session-factory>

</hibernate-configuration>