<?xml version="1.0" encoding="UTF-8"?>
   <!DOCTYPE struts PUBLIC
	"-//Apache Software Foundation//DTD Struts Configuration 2.0//EN"
	"http://struts.apache.org/dtds/struts-2.0.dtd">
<struts>
	
	<constant name="struts.i18n.encoding" value="UTF-8" />
	<package name="aaaa" extends="struts-default" namespace="/" >
		
		<action name="*_Login" class="action.LoginAction" method="{1}">
			
			<result name="loginCG">index.jsp</result>
			<result name="loginSB">login.jsp</result>
			<result name="findAll">tiku.jsp</result>
			<result name="selTimu">singleTM.jsp</result>
			<result name="next" type="redirect">selTimu_Login.action?direction.direId=${direction.direId}&amp;stage.staId=${stage.staId}&amp;subject.subName=${subject.subName}</result>
			<result name="up" type="redirect">selTimu_Login.action?direction.direId=${direction.direId}&amp;stage.staId=${stage.staId}&amp;subject.subName=${subject.subName}</result>
			<result name="addProblemCG" type="redirect">selTimu_Login.action?direction.direId=${direction.direId}&amp;stage.staId=${stage.staId}&amp;subject.subName=${subject.subName}</result>
			<result name="addProblemSB">addProblem.jsp</result>
			<result name="addChuli">addProblem.jsp</result>
			<result name="updateProblemChuli">updateProblem.jsp</result>
			<result name="updateProblem" type="redirect">selTimu_Login.action?direction.direId=${direction.direId}&amp;stage.staId=${stage.staId}&amp;subject.subName=${subject.subName}</result>
			<result name="testPaper">testPaper.jsp</result>
			<result name="findTestPaper">testPaper.jsp</result>
			<result name="chooseTestPaper" >chooseProblem.jsp?direction.direId=${direction.direId}&amp;stage.staId=${stage.staId}&amp;subject.subId=${subject.subId}</result>
			<result name="addTestpaper" type="redirect">testPaper_Login.action?direction.direId=1&amp;stage.staId=1</result>
			<result name="suijiTestPaper">suijiTestPaper.jsp</result>
			<result name="beginTest">beginTest.jsp</result>
			<result name="testChuli" type="redirect">testPaper_Login.action?direction.direId=1&amp;stage.staId=1</result>
			<result name="endTest" type="redirect">testPaper_Login.action?direction.direId=1&amp;stage.staId=1</result>
			<result name="testOnLine">testOnline.jsp</result>
			<result name="beginTestOnline">beginTestOnline.jsp</result>
			<result name="tested">testPanduan.jsp</result>
			<result name="beginTestOnline2">beginTestOnline.jsp</result>
			<result name="beginTestOnline3">beginTestOnline.jsp</result>
			<result name="endTestOnline">stuAchievement.jsp</result>
			<result name="findstuAchievement">stuAchievement.jsp</result>
			<result name="showStuachievements">showStuachievements.jsp</result>
			<result name="zhuxiao">login.jsp</result>
		</action>
		<action name="*_upload" class="action.UploadAction" method="{1}">
					<result name="upload" type="redirect">findAll_Login.action?stage.staId=1&amp;direction.direId=1</result>
					<result name="download" type="stream">
						<param name="inputName">inputStream</param>
						<param name="contentDisposition">attachment;filename=Question.xls</param>
						<param name="bufferSize">2048</param>
					</result>
		</action>
	</package>
</struts>
